{
  "SuccessRegister/register?returnurl=%2F-58-1" : {
    "transaction" : "SuccessRegister/register?returnurl=%2F-58-1",
    "sampleCount" : 9,
    "errorCount" : 0,
    "errorPct" : 0.0,
    "meanResTime" : 330.3333333333333,
    "medianResTime" : 299.0,
    "minResTime" : 292.0,
    "maxResTime" : 527.0,
    "pct1ResTime" : 527.0,
    "pct2ResTime" : 527.0,
    "pct3ResTime" : 527.0,
    "throughput" : 1.7821782178217822,
    "receivedKBytesPerSec" : 11.01098391089109,
    "sentKBytesPerSec" : 2.7051748143564356
  },
  "Success/register-17" : {
    "transaction" : "Success/register-17",
    "sampleCount" : 50,
    "errorCount" : 0,
    "errorPct" : 0.0,
    "meanResTime" : 314.44000000000005,
    "medianResTime" : 309.0,
    "minResTime" : 297.0,
    "maxResTime" : 529.0,
    "pct1ResTime" : 324.5,
    "pct2ResTime" : 352.0499999999998,
    "pct3ResTime" : 529.0,
    "throughput" : 2.289691807482713,
    "receivedKBytesPerSec" : 19.011463127375556,
    "sentKBytesPerSec" : 1.8402503491780007
  },
  "SuccessRegister/register?returnurl=%2F-58" : {
    "transaction" : "SuccessRegister/register?returnurl=%2F-58",
    "sampleCount" : 50,
    "errorCount" : 0,
    "errorPct" : 0.0,
    "meanResTime" : 372.04,
    "medianResTime" : 309.0,
    "minResTime" : 294.0,
    "maxResTime" : 934.0,
    "pct1ResTime" : 629.7,
    "pct2ResTime" : 662.1999999999999,
    "pct3ResTime" : 934.0,
    "throughput" : 2.2889580662882256,
    "receivedKBytesPerSec" : 22.05200977671214,
    "sentKBytesPerSec" : 3.621829077778795
  },
  "SuccessRegister/registerresult/1-59" : {
    "transaction" : "SuccessRegister/registerresult/1-59",
    "sampleCount" : 50,
    "errorCount" : 0,
    "errorPct" : 0.0,
    "meanResTime" : 302.1199999999999,
    "medianResTime" : 297.0,
    "minResTime" : 289.0,
    "maxResTime" : 445.0,
    "pct1ResTime" : 308.9,
    "pct2ResTime" : 317.6499999999999,
    "pct3ResTime" : 445.0,
    "throughput" : 2.295684113865932,
    "receivedKBytesPerSec" : 14.029589216023874,
    "sentKBytesPerSec" : 2.1144954516758494
  },
  "Total" : {
    "transaction" : "Total",
    "sampleCount" : 268,
    "errorCount" : 0,
    "errorPct" : 0.0,
    "meanResTime" : 351.01492537313436,
    "medianResTime" : 310.0,
    "minResTime" : 289.0,
    "maxResTime" : 1434.0,
    "pct1ResTime" : 373.0,
    "pct2ResTime" : 617.7499999999999,
    "pct3ResTime" : 1221.54,
    "throughput" : 10.809502682208688,
    "receivedKBytesPerSec" : 89.19466463568347,
    "sentKBytesPerSec" : 10.171209804682773
  },
  "SuccessRegister/register?returnurl=%2F-58-0" : {
    "transaction" : "SuccessRegister/register?returnurl=%2F-58-0",
    "sampleCount" : 9,
    "errorCount" : 0,
    "errorPct" : 0.0,
    "meanResTime" : 336.0,
    "medianResTime" : 328.0,
    "minResTime" : 316.0,
    "maxResTime" : 404.0,
    "pct1ResTime" : 404.0,
    "pct2ResTime" : 404.0,
    "pct3ResTime" : 404.0,
    "throughput" : 1.7448623497479643,
    "receivedKBytesPerSec" : 3.4085022658976345,
    "sentKBytesPerSec" : 2.2842626139007365
  },
  "RegistrationPage/register-13" : {
    "transaction" : "RegistrationPage/register-13",
    "sampleCount" : 50,
    "errorCount" : 0,
    "errorPct" : 0.0,
    "meanResTime" : 320.97999999999985,
    "medianResTime" : 310.0,
    "minResTime" : 295.0,
    "maxResTime" : 840.0,
    "pct1ResTime" : 320.7,
    "pct2ResTime" : 328.9,
    "pct3ResTime" : 840.0,
    "throughput" : 2.228759917981635,
    "receivedKBytesPerSec" : 18.50819696108585,
    "sentKBytesPerSec" : 1.7433952092805562
  },
  "Home/-3" : {
    "transaction" : "Home/-3",
    "sampleCount" : 50,
    "errorCount" : 0,
    "errorPct" : 0.0,
    "meanResTime" : 451.92,
    "medianResTime" : 363.5,
    "minResTime" : 348.0,
    "maxResTime" : 1434.0,
    "pct1ResTime" : 1078.399999999999,
    "pct2ResTime" : 1226.3,
    "pct3ResTime" : 1434.0,
    "throughput" : 2.1222410865874366,
    "receivedKBytesPerSec" : 22.096011513157897,
    "sentKBytesPerSec" : 0.9450604838709677
  }
}