{
  "Home/-67" : {
    "transaction" : "Home/-67",
    "sampleCount" : 10,
    "errorCount" : 0,
    "errorPct" : 0.0,
    "meanResTime" : 851.0,
    "medianResTime" : 1030.0,
    "minResTime" : 356.0,
    "maxResTime" : 1434.0,
    "pct1ResTime" : 1411.3000000000002,
    "pct2ResTime" : 1434.0,
    "pct3ResTime" : 1434.0,
    "throughput" : 0.9910802775024776,
    "receivedKBytesPerSec" : 10.317978041377602,
    "sentKBytesPerSec" : 0.4413404360753221
  },
  "SuccessLogin/login?returnurl=%2F-88" : {
    "transaction" : "SuccessLogin/login?returnurl=%2F-88",
    "sampleCount" : 10,
    "errorCount" : 0,
    "errorPct" : 0.0,
    "meanResTime" : 471.79999999999995,
    "medianResTime" : 317.0,
    "minResTime" : 302.0,
    "maxResTime" : 1644.0,
    "pct1ResTime" : 1535.9000000000005,
    "pct2ResTime" : 1644.0,
    "pct3ResTime" : 1644.0,
    "throughput" : 1.1219566924716706,
    "receivedKBytesPerSec" : 9.93260371087176,
    "sentKBytesPerSec" : 1.4373974461460788
  },
  "Total" : {
    "transaction" : "Total",
    "sampleCount" : 32,
    "errorCount" : 0,
    "errorPct" : 0.0,
    "meanResTime" : 598.3124999999999,
    "medianResTime" : 324.0,
    "minResTime" : 294.0,
    "maxResTime" : 1644.0,
    "pct1ResTime" : 1286.5,
    "pct2ResTime" : 1507.4999999999995,
    "pct3ResTime" : 1644.0,
    "throughput" : 2.987303958177745,
    "receivedKBytesPerSec" : 25.473129580143766,
    "sentKBytesPerSec" : 2.5822566105769234
  },
  "LoginPage/login-99" : {
    "transaction" : "LoginPage/login-99",
    "sampleCount" : 10,
    "errorCount" : 0,
    "errorPct" : 0.0,
    "meanResTime" : 427.6,
    "medianResTime" : 312.5,
    "minResTime" : 294.0,
    "maxResTime" : 1213.0,
    "pct1ResTime" : 1151.0000000000002,
    "pct2ResTime" : 1213.0,
    "pct3ResTime" : 1213.0,
    "throughput" : 1.1159468809284678,
    "receivedKBytesPerSec" : 7.565008264981587,
    "sentKBytesPerSec" : 0.869653916973552
  },
  "SuccessLogin/login?returnurl=%2F-88-1" : {
    "transaction" : "SuccessLogin/login?returnurl=%2F-88-1",
    "sampleCount" : 1,
    "errorCount" : 0,
    "errorPct" : 0.0,
    "meanResTime" : 1318.0,
    "medianResTime" : 1318.0,
    "minResTime" : 1318.0,
    "maxResTime" : 1318.0,
    "pct1ResTime" : 1318.0,
    "pct2ResTime" : 1318.0,
    "pct3ResTime" : 1318.0,
    "throughput" : 0.7587253414264037,
    "receivedKBytesPerSec" : 8.028855273141122,
    "sentKBytesPerSec" : 1.1062274753414263
  },
  "SuccessLogin/login?returnurl=%2F-88-0" : {
    "transaction" : "SuccessLogin/login?returnurl=%2F-88-0",
    "sampleCount" : 1,
    "errorCount" : 0,
    "errorPct" : 0.0,
    "meanResTime" : 324.0,
    "medianResTime" : 324.0,
    "minResTime" : 324.0,
    "maxResTime" : 324.0,
    "pct1ResTime" : 324.0,
    "pct2ResTime" : 324.0,
    "pct3ResTime" : 324.0,
    "throughput" : 3.0864197530864197,
    "receivedKBytesPerSec" : 5.735797646604938,
    "sentKBytesPerSec" : 3.535517939814815
  }
}